name,dataset,model,k,percent,n_check,T_stop,ari
k,mice,0,5,0.1,3,3,0.25383176780069683
k,mice,0,15,0.1,3,3,0.303658307180999
k,mice,0,25,0.1,3,3,0.2585402415020892
k,mice,0,35,0.1,3,3,0.2558845202451503
k,mice,0,45,0.1,3,3,0.24884970834149764
percent,mice,0,25,0.05,3,3,0.20219717458078915
percent,mice,0,25,0.075,3,3,0.2364172986918934
percent,mice,0,25,0.1,3,3,0.2585402415020892
percent,mice,0,25,0.125,3,3,0.27378112382174796
percent,mice,0,25,0.15,3,3,0.27234715559202216
percent,mice,0,25,0.175,3,3,0.2670620500843639
percent,mice,0,25,0.2,3,3,0.253199712877893
percent,mice,0,25,0.225,3,3,0.262023900524836
percent,mice,0,25,0.25,3,3,0.2636731390922371
n_check,mice,0,25,0.1,2,3,0.27336542114711726
n_check,mice,0,25,0.1,3,3,0.2585402415020892
n_check,mice,0,25,0.1,4,3,0.2607676798337156
n_check,mice,0,25,0.1,5,3,0.2583421151434728
n_check,mice,0,25,0.1,6,3,0.26456059538227467
n_check,mice,0,25,0.1,7,3,0.2640909048360771
T_stop,mice,0,25,0.1,3,3,0.2585402415020892
T_stop,mice,0,25,0.1,3,5,0.26057643663437224
T_stop,mice,0,25,0.1,3,7,0.25798443390952397
T_stop,mice,0,25,0.1,3,9,0.2597743929077083
T_stop,mice,0,25,0.1,3,11,0.2581779763394468
T_stop,mice,0,25,0.1,3,13,0.25734386312009044
k,optdigits,0,5,0.1,3,3,0.8468346759452783
k,optdigits,0,15,0.1,3,3,0.8493126309711442
k,optdigits,0,25,0.1,3,3,0.8547022724029172
k,optdigits,0,35,0.1,3,3,0.8619414226059343
k,optdigits,0,45,0.1,3,3,0.8612584877892739
percent,optdigits,0,25,0.05,3,3,0.8484139175975074
percent,optdigits,0,25,0.075,3,3,0.8508503273184193
percent,optdigits,0,25,0.1,3,3,0.8547022724029172
percent,optdigits,0,25,0.125,3,3,0.8626588232348082
percent,optdigits,0,25,0.15,3,3,0.8610802557922763
percent,optdigits,0,25,0.175,3,3,0.8627490255494852
percent,optdigits,0,25,0.2,3,3,0.8631269787167308
percent,optdigits,0,25,0.225,3,3,0.8619949733715977
percent,optdigits,0,25,0.25,3,3,0.8619594066255689
n_check,optdigits,0,25,0.1,2,3,0.8533429251291202
n_check,optdigits,0,25,0.1,3,3,0.8547022724029172
n_check,optdigits,0,25,0.1,4,3,0.854755856532243
n_check,optdigits,0,25,0.1,5,3,0.8565319046093657
n_check,optdigits,0,25,0.1,6,3,0.8524796244227797
n_check,optdigits,0,25,0.1,7,3,0.855331837534179
T_stop,optdigits,0,25,0.1,3,3,0.8547022724029172
T_stop,optdigits,0,25,0.1,3,5,0.854842732940802
T_stop,optdigits,0,25,0.1,3,7,0.8546581962162924
T_stop,optdigits,0,25,0.1,3,9,0.854919447238058
T_stop,optdigits,0,25,0.1,3,11,0.8554889445092041
T_stop,optdigits,0,25,0.1,3,13,0.8547525723656942
k,HAR,0,5,0.1,3,3,0.44250739367272834
k,HAR,0,15,0.1,3,3,0.4471628146113137
k,HAR,0,25,0.1,3,3,0.4434870880884369
k,HAR,0,35,0.1,3,3,0.441956648248181
k,HAR,0,45,0.1,3,3,0.43818725270212217
percent,HAR,0,25,0.05,3,3,0.4302573747399421
percent,HAR,0,25,0.075,3,3,0.4472782113264522
percent,HAR,0,25,0.1,3,3,0.4434870880884369
percent,HAR,0,25,0.125,3,3,0.4453528701281445
percent,HAR,0,25,0.15,3,3,0.4485242098780254
percent,HAR,0,25,0.175,3,3,0.45860188900855653
percent,HAR,0,25,0.2,3,3,0.4435718308241732
percent,HAR,0,25,0.225,3,3,0.44949169169613074
percent,HAR,0,25,0.25,3,3,0.4393583670688411
n_check,HAR,0,25,0.1,2,3,0.436706249495482
n_check,HAR,0,25,0.1,3,3,0.4434870880884369
n_check,HAR,0,25,0.1,4,3,0.45184947357180566
n_check,HAR,0,25,0.1,5,3,0.4871202927837258
n_check,HAR,0,25,0.1,6,3,0.5484079527396294
n_check,HAR,0,25,0.1,7,3,0.5202413868435909
T_stop,HAR,0,25,0.1,3,3,0.4434870880884369
T_stop,HAR,0,25,0.1,3,5,0.43361150082608024
T_stop,HAR,0,25,0.1,3,7,0.4223730742538887
T_stop,HAR,0,25,0.1,3,9,0.44350019893403325
T_stop,HAR,0,25,0.1,3,11,0.4292972587556525
T_stop,HAR,0,25,0.1,3,13,0.4474334681166866
k,USPS,0,5,0.1,3,3,0.7361809712379752
k,USPS,0,15,0.1,3,3,0.7544960912149535
k,USPS,0,25,0.1,3,3,0.7567669704048853
k,USPS,0,35,0.1,3,3,0.7335419713058555
k,USPS,0,45,0.1,3,3,0.7481058232515974
percent,USPS,0,25,0.05,3,3,0.794483309285502
percent,USPS,0,25,0.075,3,3,0.7815102368577762
percent,USPS,0,25,0.1,3,3,0.7567669704048853
percent,USPS,0,25,0.125,3,3,0.7368876477913615
percent,USPS,0,25,0.15,3,3,0.6954186465468106
percent,USPS,0,25,0.175,3,3,0.6866693635964407
percent,USPS,0,25,0.2,3,3,0.6786411164161121
percent,USPS,0,25,0.225,3,3,0.6781503433225352
percent,USPS,0,25,0.25,3,3,0.6864868974968843
n_check,USPS,0,25,0.1,2,3,0.7810494283830193
n_check,USPS,0,25,0.1,3,3,0.7567669704048853
n_check,USPS,0,25,0.1,4,3,0.7538900208662085
n_check,USPS,0,25,0.1,5,3,0.7477070106881163
n_check,USPS,0,25,0.1,6,3,0.7448594211995264
n_check,USPS,0,25,0.1,7,3,0.7673854749262262
T_stop,USPS,0,25,0.1,3,3,0.7567669704048853
T_stop,USPS,0,25,0.1,3,5,0.7542160647848317
T_stop,USPS,0,25,0.1,3,7,0.7654585713250815
T_stop,USPS,0,25,0.1,3,9,0.7572560697964322
T_stop,USPS,0,25,0.1,3,11,0.7587155694569229
T_stop,USPS,0,25,0.1,3,13,0.7765912831882225
k,mice,1,5,0.1,3,3,0.26411969821926334
k,mice,1,15,0.1,3,3,0.2245340733777719
k,mice,1,25,0.1,3,3,0.21291265981137705
k,mice,1,35,0.1,3,3,0.1634288288872149
k,mice,1,45,0.1,3,3,0.15423912228525918
percent,mice,1,25,0.05,3,3,0.21898434081283905
percent,mice,1,25,0.075,3,3,0.2200569253252821
percent,mice,1,25,0.1,3,3,0.21291265981137705
percent,mice,1,25,0.125,3,3,0.18136090665252608
percent,mice,1,25,0.15,3,3,0.17948698692905618
percent,mice,1,25,0.175,3,3,0.21224021085058087
percent,mice,1,25,0.2,3,3,0.2259089995164639
percent,mice,1,25,0.225,3,3,0.18281800637717244
percent,mice,1,25,0.25,3,3,0.1554961432349054
n_check,mice,1,25,0.1,2,3,0.2283848034127746
n_check,mice,1,25,0.1,3,3,0.21291265981137705
n_check,mice,1,25,0.1,4,3,0.2380775852608446
n_check,mice,1,25,0.1,5,3,0.2459291606862751
n_check,mice,1,25,0.1,6,3,0.246348669218416
n_check,mice,1,25,0.1,7,3,0.22344302309361744
T_stop,mice,1,25,0.1,3,3,0.21291265981137705
T_stop,mice,1,25,0.1,3,5,0.21451606483510177
T_stop,mice,1,25,0.1,3,7,0.21180828725829243
T_stop,mice,1,25,0.1,3,9,0.20965521143868335
T_stop,mice,1,25,0.1,3,11,0.2150158313349261
T_stop,mice,1,25,0.1,3,13,0.2118188945079058
k,optdigits,1,5,0.1,3,3,0.8937355974605196
k,optdigits,1,15,0.1,3,3,0.8968733299096562
k,optdigits,1,25,0.1,3,3,0.894022773151963
k,optdigits,1,35,0.1,3,3,0.8954455718920279
k,optdigits,1,45,0.1,3,3,0.8733805634620919
percent,optdigits,1,25,0.05,3,3,0.8724198353756482
percent,optdigits,1,25,0.075,3,3,0.8727689588503093
percent,optdigits,1,25,0.1,3,3,0.894022773151963
percent,optdigits,1,25,0.125,3,3,0.8954751653675618
percent,optdigits,1,25,0.15,3,3,0.8941668306633995
percent,optdigits,1,25,0.175,3,3,0.892928025454391
percent,optdigits,1,25,0.2,3,3,0.8917276074271555
percent,optdigits,1,25,0.225,3,3,0.8910596600380188
percent,optdigits,1,25,0.25,3,3,0.8914148231595508
n_check,optdigits,1,25,0.1,2,3,0.8962861481145753
n_check,optdigits,1,25,0.1,3,3,0.894022773151963
n_check,optdigits,1,25,0.1,4,3,0.8962017884076423
n_check,optdigits,1,25,0.1,5,3,0.896842932296693
n_check,optdigits,1,25,0.1,6,3,0.898281561045885
n_check,optdigits,1,25,0.1,7,3,0.8902718168543517
T_stop,optdigits,1,25,0.1,3,3,0.894022773151963
T_stop,optdigits,1,25,0.1,3,5,0.8961440542845713
T_stop,optdigits,1,25,0.1,3,7,0.8957136293941796
T_stop,optdigits,1,25,0.1,3,9,0.8947855601774247
T_stop,optdigits,1,25,0.1,3,11,0.8938861291192371
T_stop,optdigits,1,25,0.1,3,13,0.8936985356879252
k,HAR,1,5,0.1,3,3,0.5076717767218782
k,HAR,1,15,0.1,3,3,0.5070312484226832
k,HAR,1,25,0.1,3,3,0.5351600772534081
k,HAR,1,35,0.1,3,3,0.5096685921095558
k,HAR,1,45,0.1,3,3,0.545274082717034
percent,HAR,1,25,0.05,3,3,0.5074337745157251
percent,HAR,1,25,0.075,3,3,0.5233819001485318
percent,HAR,1,25,0.1,3,3,0.5351600772534081
percent,HAR,1,25,0.125,3,3,0.5123250896532088
percent,HAR,1,25,0.15,3,3,0.48714222956068476
percent,HAR,1,25,0.175,3,3,0.48864036767669383
percent,HAR,1,25,0.2,3,3,0.48643153653084786
percent,HAR,1,25,0.225,3,3,0.4987765625426146
percent,HAR,1,25,0.25,3,3,0.49680283922574003
n_check,HAR,1,25,0.1,2,3,0.5204084404794067
n_check,HAR,1,25,0.1,3,3,0.5351600772534081
n_check,HAR,1,25,0.1,4,3,0.5298521925508928
n_check,HAR,1,25,0.1,5,3,0.5404149143679524
n_check,HAR,1,25,0.1,6,3,0.5383748246450168
n_check,HAR,1,25,0.1,7,3,0.5189096585751434
T_stop,HAR,1,25,0.1,3,3,0.5351600772534081
T_stop,HAR,1,25,0.1,3,5,0.5256612421590724
T_stop,HAR,1,25,0.1,3,7,0.5211144372573567
T_stop,HAR,1,25,0.1,3,9,0.5261311874080465
T_stop,HAR,1,25,0.1,3,11,0.5257695282174887
T_stop,HAR,1,25,0.1,3,13,0.5278888636944987
k,USPS,1,5,0.1,3,3,0.6820257414579514
k,USPS,1,15,0.1,3,3,0.7634870972206157
k,USPS,1,25,0.1,3,3,0.752327021262248
k,USPS,1,35,0.1,3,3,0.7703043684514996
k,USPS,1,45,0.1,3,3,0.6488794412224181
percent,USPS,1,25,0.05,3,3,0.7701548294895139
percent,USPS,1,25,0.075,3,3,0.7622722139633784
percent,USPS,1,25,0.1,3,3,0.752327021262248
percent,USPS,1,25,0.125,3,3,0.7535363190938295
percent,USPS,1,25,0.15,3,3,0.7102187498262996
percent,USPS,1,25,0.175,3,3,0.6797003176200216
percent,USPS,1,25,0.2,3,3,0.6812089661434741
percent,USPS,1,25,0.225,3,3,0.697716554764041
percent,USPS,1,25,0.25,3,3,0.6198292096132688
n_check,USPS,1,25,0.1,2,3,0.7710203502682199
n_check,USPS,1,25,0.1,3,3,0.752327021262248
n_check,USPS,1,25,0.1,4,3,0.7561658187797051
n_check,USPS,1,25,0.1,5,3,0.7511000034750192
n_check,USPS,1,25,0.1,6,3,0.7600194223959315
n_check,USPS,1,25,0.1,7,3,0.750062692739229
T_stop,USPS,1,25,0.1,3,3,0.752327021262248
T_stop,USPS,1,25,0.1,3,5,0.7525958143328668
T_stop,USPS,1,25,0.1,3,7,0.7517998525928726
T_stop,USPS,1,25,0.1,3,9,0.7492794328894998
T_stop,USPS,1,25,0.1,3,11,0.7486631507617965
T_stop,USPS,1,25,0.1,3,13,0.7495229746818313
k,mice,2,5,0.1,3,3,0.3111893963071373
k,mice,2,15,0.1,3,3,0.27631985089546157
k,mice,2,25,0.1,3,3,0.2064542062673354
k,mice,2,35,0.1,3,3,0.20953072291658234
k,mice,2,45,0.1,3,3,0.2119326882592589
percent,mice,2,25,0.05,3,3,0.26963542929187256
percent,mice,2,25,0.075,3,3,0.2540685678532325
percent,mice,2,25,0.1,3,3,0.2064542062673354
percent,mice,2,25,0.125,3,3,0.19652393502077914
percent,mice,2,25,0.15,3,3,0.1880061325006044
percent,mice,2,25,0.175,3,3,0.1845129166192614
percent,mice,2,25,0.2,3,3,0.170215063973432
percent,mice,2,25,0.225,3,3,0.19463369923960133
percent,mice,2,25,0.25,3,3,0.198433851326095
n_check,mice,2,25,0.1,2,3,0.2266647441488095
n_check,mice,2,25,0.1,3,3,0.2064542062673354
n_check,mice,2,25,0.1,4,3,0.20366028850674758
n_check,mice,2,25,0.1,5,3,0.21835590807102467
n_check,mice,2,25,0.1,6,3,0.22257982209554975
n_check,mice,2,25,0.1,7,3,0.22649532944035133
T_stop,mice,2,25,0.1,3,3,0.2064542062673354
T_stop,mice,2,25,0.1,3,5,0.20473116627292778
T_stop,mice,2,25,0.1,3,7,0.2047787810076644
T_stop,mice,2,25,0.1,3,9,0.20480536088066634
T_stop,mice,2,25,0.1,3,11,0.20423061454579208
T_stop,mice,2,25,0.1,3,13,0.20584320245124815
k,optdigits,2,5,0.1,3,3,0.8685135695011957
k,optdigits,2,15,0.1,3,3,0.87060206509924
k,optdigits,2,25,0.1,3,3,0.872263921086555
k,optdigits,2,35,0.1,3,3,0.8585662366443887
k,optdigits,2,45,0.1,3,3,0.8568148768404825
percent,optdigits,2,25,0.05,3,3,0.8625042983349234
percent,optdigits,2,25,0.075,3,3,0.870440654569376
percent,optdigits,2,25,0.1,3,3,0.872263921086555
percent,optdigits,2,25,0.125,3,3,0.8693705791358177
percent,optdigits,2,25,0.15,3,3,0.8694723338906807
percent,optdigits,2,25,0.175,3,3,0.8676689480152787
percent,optdigits,2,25,0.2,3,3,0.8687522397096618
percent,optdigits,2,25,0.225,3,3,0.8529660972437377
percent,optdigits,2,25,0.25,3,3,0.8490952914566924
n_check,optdigits,2,25,0.1,2,3,0.8688455993744798
n_check,optdigits,2,25,0.1,3,3,0.872263921086555
n_check,optdigits,2,25,0.1,4,3,0.8725742819280154
n_check,optdigits,2,25,0.1,5,3,0.8720415907467644
n_check,optdigits,2,25,0.1,6,3,0.8701738956180731
n_check,optdigits,2,25,0.1,7,3,0.8665123416496431
T_stop,optdigits,2,25,0.1,3,3,0.872263921086555
T_stop,optdigits,2,25,0.1,3,5,0.8729479606959862
T_stop,optdigits,2,25,0.1,3,7,0.8734244999176431
T_stop,optdigits,2,25,0.1,3,9,0.8736280169211951
T_stop,optdigits,2,25,0.1,3,11,0.874072874280023
T_stop,optdigits,2,25,0.1,3,13,0.8730517056593324
k,HAR,2,5,0.1,3,3,0.5250804371477352
k,HAR,2,15,0.1,3,3,0.5236711703720228
k,HAR,2,25,0.1,3,3,0.5309445854361707
k,HAR,2,35,0.1,3,3,0.4890290629529629
k,HAR,2,45,0.1,3,3,0.49553347338620973
percent,HAR,2,25,0.05,3,3,0.4471547772981596
percent,HAR,2,25,0.075,3,3,0.5467569679653553
percent,HAR,2,25,0.1,3,3,0.5309445854361707
percent,HAR,2,25,0.125,3,3,0.5375092534179324
percent,HAR,2,25,0.15,3,3,0.5169387657157395
percent,HAR,2,25,0.175,3,3,0.5513242418042656
percent,HAR,2,25,0.2,3,3,0.5344236423512725
percent,HAR,2,25,0.225,3,3,0.5031443670005707
percent,HAR,2,25,0.25,3,3,0.4829306764449331
n_check,HAR,2,25,0.1,2,3,0.5229664069748825
n_check,HAR,2,25,0.1,3,3,0.5309445854361707
n_check,HAR,2,25,0.1,4,3,0.5451099539472221
n_check,HAR,2,25,0.1,5,3,0.5443622556807419
n_check,HAR,2,25,0.1,6,3,0.5820901197259699
n_check,HAR,2,25,0.1,7,3,0.5666962617346721
T_stop,HAR,2,25,0.1,3,3,0.5309445854361707
T_stop,HAR,2,25,0.1,3,5,0.5403608027929473
T_stop,HAR,2,25,0.1,3,7,0.5110741451951815
T_stop,HAR,2,25,0.1,3,9,0.5073133762027323
T_stop,HAR,2,25,0.1,3,11,0.5073904475569877
T_stop,HAR,2,25,0.1,3,13,0.5342075851115667
k,USPS,2,5,0.1,3,3,0.7301570073233798
k,USPS,2,15,0.1,3,3,0.6569946693041968
k,USPS,2,25,0.1,3,3,0.6537191544341877
k,USPS,2,35,0.1,3,3,0.6577073672895462
k,USPS,2,45,0.1,3,3,0.6879003677884616
percent,USPS,2,25,0.05,3,3,0.6930584083046754
percent,USPS,2,25,0.075,3,3,0.661547667431337
percent,USPS,2,25,0.1,3,3,0.6537191544341877
percent,USPS,2,25,0.125,3,3,0.7071781168104845
percent,USPS,2,25,0.15,3,3,0.7115865237660586
percent,USPS,2,25,0.175,3,3,0.7186958432317088
percent,USPS,2,25,0.2,3,3,0.7175987148908183
percent,USPS,2,25,0.225,3,3,0.7558310834349926
percent,USPS,2,25,0.25,3,3,0.756951985239491
n_check,USPS,2,25,0.1,2,3,0.6552410242066498
n_check,USPS,2,25,0.1,3,3,0.6537191544341877
n_check,USPS,2,25,0.1,4,3,0.6542415672987216
n_check,USPS,2,25,0.1,5,3,0.6704843480193244
n_check,USPS,2,25,0.1,6,3,0.6703628992514993
n_check,USPS,2,25,0.1,7,3,0.7083136347859369
T_stop,USPS,2,25,0.1,3,3,0.6537191544341877
T_stop,USPS,2,25,0.1,3,5,0.6518421990116694
T_stop,USPS,2,25,0.1,3,7,0.6515414206940381
T_stop,USPS,2,25,0.1,3,9,0.6549524646828612
T_stop,USPS,2,25,0.1,3,11,0.6526677817042918
T_stop,USPS,2,25,0.1,3,13,0.6517767994491741
k,mice,3,5,0.1,3,3,0.20872967021006822
k,mice,3,15,0.1,3,3,0.22689133705364725
k,mice,3,25,0.1,3,3,0.20949186078410525
k,mice,3,35,0.1,3,3,0.2046336341907001
k,mice,3,45,0.1,3,3,0.2321094426456617
percent,mice,3,25,0.05,3,3,0.2513050547139224
percent,mice,3,25,0.075,3,3,0.21895791299063444
percent,mice,3,25,0.1,3,3,0.20949186078410525
percent,mice,3,25,0.125,3,3,0.21322376673727358
percent,mice,3,25,0.15,3,3,0.20707513879187944
percent,mice,3,25,0.175,3,3,0.21353051236843487
percent,mice,3,25,0.2,3,3,0.2080242776571081
percent,mice,3,25,0.225,3,3,0.22532402065451954
percent,mice,3,25,0.25,3,3,0.2504486002875998
n_check,mice,3,25,0.1,2,3,0.22673908539386448
n_check,mice,3,25,0.1,3,3,0.20949186078410525
n_check,mice,3,25,0.1,4,3,0.2260543577697169
n_check,mice,3,25,0.1,5,3,0.22941663989679545
n_check,mice,3,25,0.1,6,3,0.22817695139130706
n_check,mice,3,25,0.1,7,3,0.240895381200251
T_stop,mice,3,25,0.1,3,3,0.20949186078410525
T_stop,mice,3,25,0.1,3,5,0.2093034017005205
T_stop,mice,3,25,0.1,3,7,0.20992512927999268
T_stop,mice,3,25,0.1,3,9,0.20910477308020747
T_stop,mice,3,25,0.1,3,11,0.20957935990878684
T_stop,mice,3,25,0.1,3,13,0.21204005915809626
k,optdigits,3,5,0.1,3,3,0.8712370694627708
k,optdigits,3,15,0.1,3,3,0.8823507653488857
k,optdigits,3,25,0.1,3,3,0.8738858792481905
k,optdigits,3,35,0.1,3,3,0.8543836239577182
k,optdigits,3,45,0.1,3,3,0.8521875437065385
percent,optdigits,3,25,0.05,3,3,0.8822870892844953
percent,optdigits,3,25,0.075,3,3,0.872725413377037
percent,optdigits,3,25,0.1,3,3,0.8738858792481905
percent,optdigits,3,25,0.125,3,3,0.8663546932213504
percent,optdigits,3,25,0.15,3,3,0.8611449917891756
percent,optdigits,3,25,0.175,3,3,0.8541017996310181
percent,optdigits,3,25,0.2,3,3,0.8538764471789922
percent,optdigits,3,25,0.225,3,3,0.8463894173182744
percent,optdigits,3,25,0.25,3,3,0.8466425127202604
n_check,optdigits,3,25,0.1,2,3,0.8729118328069567
n_check,optdigits,3,25,0.1,3,3,0.8738858792481905
n_check,optdigits,3,25,0.1,4,3,0.8722279791813855
n_check,optdigits,3,25,0.1,5,3,0.8698386107437988
n_check,optdigits,3,25,0.1,6,3,0.8632334469489031
n_check,optdigits,3,25,0.1,7,3,0.8647816883116383
T_stop,optdigits,3,25,0.1,3,3,0.8738858792481905
T_stop,optdigits,3,25,0.1,3,5,0.8728985904500735
T_stop,optdigits,3,25,0.1,3,7,0.8734943771876896
T_stop,optdigits,3,25,0.1,3,9,0.874321378504228
T_stop,optdigits,3,25,0.1,3,11,0.8746212939404086
T_stop,optdigits,3,25,0.1,3,13,0.873839526921985
k,HAR,3,5,0.1,3,3,0.4789225380088915
k,HAR,3,15,0.1,3,3,0.4578784330170699
k,HAR,3,25,0.1,3,3,0.42173499430086614
k,HAR,3,35,0.1,3,3,0.41333636758367426
k,HAR,3,45,0.1,3,3,0.41638669996077354
percent,HAR,3,25,0.05,3,3,0.4299028431486003
percent,HAR,3,25,0.075,3,3,0.424000164998645
percent,HAR,3,25,0.1,3,3,0.42173499430086614
percent,HAR,3,25,0.125,3,3,0.4230203245903592
percent,HAR,3,25,0.15,3,3,0.45554414459019876
percent,HAR,3,25,0.175,3,3,0.46347175318756906
percent,HAR,3,25,0.2,3,3,0.457940055758597
percent,HAR,3,25,0.225,3,3,0.45961982890876485
percent,HAR,3,25,0.25,3,3,0.4518018026231555
n_check,HAR,3,25,0.1,2,3,0.42991687306231
n_check,HAR,3,25,0.1,3,3,0.42173499430086614
n_check,HAR,3,25,0.1,4,3,0.420996601799279
n_check,HAR,3,25,0.1,5,3,0.43335189542698915
n_check,HAR,3,25,0.1,6,3,0.4525614768630585
n_check,HAR,3,25,0.1,7,3,0.4838829511506183
T_stop,HAR,3,25,0.1,3,3,0.42173499430086614
T_stop,HAR,3,25,0.1,3,5,0.4239345300790621
T_stop,HAR,3,25,0.1,3,7,0.4275140150880839
T_stop,HAR,3,25,0.1,3,9,0.4253710230433764
T_stop,HAR,3,25,0.1,3,11,0.423454433821483
T_stop,HAR,3,25,0.1,3,13,0.42139973780007267
k,USPS,3,5,0.1,3,3,0.6666075759391091
k,USPS,3,15,0.1,3,3,0.7062127590138682
k,USPS,3,25,0.1,3,3,0.7061385596245239
k,USPS,3,35,0.1,3,3,0.6577363429894288
k,USPS,3,45,0.1,3,3,0.6536534560308735
percent,USPS,3,25,0.05,3,3,0.7363714922375183
percent,USPS,3,25,0.075,3,3,0.7193159974658867
percent,USPS,3,25,0.1,3,3,0.7061385596245239
percent,USPS,3,25,0.125,3,3,0.7053677398445105
percent,USPS,3,25,0.15,3,3,0.7358326685481563
percent,USPS,3,25,0.175,3,3,0.735559835801834
percent,USPS,3,25,0.2,3,3,0.758245188914645
percent,USPS,3,25,0.225,3,3,0.6564556572059635
percent,USPS,3,25,0.25,3,3,0.7487777480400523
n_check,USPS,3,25,0.1,2,3,0.714682134932401
n_check,USPS,3,25,0.1,3,3,0.7061385596245239
n_check,USPS,3,25,0.1,4,3,0.7043953846006169
n_check,USPS,3,25,0.1,5,3,0.7068417130320389
n_check,USPS,3,25,0.1,6,3,0.7079633894344701
n_check,USPS,3,25,0.1,7,3,0.7113250139318955
T_stop,USPS,3,25,0.1,3,3,0.7061385596245239
T_stop,USPS,3,25,0.1,3,5,0.7048726320965683
T_stop,USPS,3,25,0.1,3,7,0.7065923592582247
T_stop,USPS,3,25,0.1,3,9,0.7066863232515562
T_stop,USPS,3,25,0.1,3,11,0.7073757106583285
T_stop,USPS,3,25,0.1,3,13,0.7049530403113937
k,mice,4,5,0.1,3,3,0.24160420799171894
k,mice,4,15,0.1,3,3,0.1921006348164346
k,mice,4,25,0.1,3,3,0.20645364086517842
k,mice,4,35,0.1,3,3,0.14582571919024198
k,mice,4,45,0.1,3,3,0.1933322537034056
percent,mice,4,25,0.05,3,3,0.1993368438525465
percent,mice,4,25,0.075,3,3,0.18240030652733807
percent,mice,4,25,0.1,3,3,0.20645364086517842
percent,mice,4,25,0.125,3,3,0.2252247877509036
percent,mice,4,25,0.15,3,3,0.21672145553572636
percent,mice,4,25,0.175,3,3,0.216248289624253
percent,mice,4,25,0.2,3,3,0.17311918722663075
percent,mice,4,25,0.225,3,3,0.1774328930494649
percent,mice,4,25,0.25,3,3,0.1673689057612802
n_check,mice,4,25,0.1,2,3,0.1734253616791297
n_check,mice,4,25,0.1,3,3,0.20645364086517842
n_check,mice,4,25,0.1,4,3,0.19485095677257916
n_check,mice,4,25,0.1,5,3,0.20687746749612476
n_check,mice,4,25,0.1,6,3,0.1968522911154387
n_check,mice,4,25,0.1,7,3,0.1964555356844405
T_stop,mice,4,25,0.1,3,3,0.20645364086517842
T_stop,mice,4,25,0.1,3,5,0.19444237855814545
T_stop,mice,4,25,0.1,3,7,0.21032675512648083
T_stop,mice,4,25,0.1,3,9,0.18756829192865607
T_stop,mice,4,25,0.1,3,11,0.18710625563546268
T_stop,mice,4,25,0.1,3,13,0.19065178876270567
k,optdigits,4,5,0.1,3,3,0.8233774895656945
k,optdigits,4,15,0.1,3,3,0.8269263181252919
k,optdigits,4,25,0.1,3,3,0.8140873320412654
k,optdigits,4,35,0.1,3,3,0.8236659609134028
k,optdigits,4,45,0.1,3,3,0.817137908291049
percent,optdigits,4,25,0.05,3,3,0.8098678051407746
percent,optdigits,4,25,0.075,3,3,0.8164027896156728
percent,optdigits,4,25,0.1,3,3,0.8140873320412654
percent,optdigits,4,25,0.125,3,3,0.8260470280398903
percent,optdigits,4,25,0.15,3,3,0.8268124894476281
percent,optdigits,4,25,0.175,3,3,0.8212928770216923
percent,optdigits,4,25,0.2,3,3,0.8237756355436973
percent,optdigits,4,25,0.225,3,3,0.8239012523273047
percent,optdigits,4,25,0.25,3,3,0.825159074210087
n_check,optdigits,4,25,0.1,2,3,0.8160864978857137
n_check,optdigits,4,25,0.1,3,3,0.8140873320412654
n_check,optdigits,4,25,0.1,4,3,0.8139987562390417
n_check,optdigits,4,25,0.1,5,3,0.8142284921094393
n_check,optdigits,4,25,0.1,6,3,0.8136288060072913
n_check,optdigits,4,25,0.1,7,3,0.8159666625201896
T_stop,optdigits,4,25,0.1,3,3,0.8140873320412654
T_stop,optdigits,4,25,0.1,3,5,0.814500445714592
T_stop,optdigits,4,25,0.1,3,7,0.816744223975011
T_stop,optdigits,4,25,0.1,3,9,0.815724511412271
T_stop,optdigits,4,25,0.1,3,11,0.8155375201980812
T_stop,optdigits,4,25,0.1,3,13,0.8148789262776093
k,HAR,4,5,0.1,3,3,0.34960262417490345
k,HAR,4,15,0.1,3,3,0.37829513259858305
k,HAR,4,25,0.1,3,3,0.41126538078440894
k,HAR,4,35,0.1,3,3,0.4139939250462615
k,HAR,4,45,0.1,3,3,0.41315079024794876
percent,HAR,4,25,0.05,3,3,0.4068625451301101
percent,HAR,4,25,0.075,3,3,0.39594277826859364
percent,HAR,4,25,0.1,3,3,0.41126538078440894
percent,HAR,4,25,0.125,3,3,0.4096006318046751
percent,HAR,4,25,0.15,3,3,0.4137354977088415
percent,HAR,4,25,0.175,3,3,0.41236972523908577
percent,HAR,4,25,0.2,3,3,0.42760306303963946
percent,HAR,4,25,0.225,3,3,0.4183036792270666
percent,HAR,4,25,0.25,3,3,0.4138484117714394
n_check,HAR,4,25,0.1,2,3,0.4183832736961801
n_check,HAR,4,25,0.1,3,3,0.41126538078440894
n_check,HAR,4,25,0.1,4,3,0.4146062399546945
n_check,HAR,4,25,0.1,5,3,0.41744307401461705
n_check,HAR,4,25,0.1,6,3,0.4349926242435156
n_check,HAR,4,25,0.1,7,3,0.4440386408372909
T_stop,HAR,4,25,0.1,3,3,0.41126538078440894
T_stop,HAR,4,25,0.1,3,5,0.41425152902500945
T_stop,HAR,4,25,0.1,3,7,0.4041618768589138
T_stop,HAR,4,25,0.1,3,9,0.40240379241549235
T_stop,HAR,4,25,0.1,3,11,0.405429070738104
T_stop,HAR,4,25,0.1,3,13,0.4090418231746145
k,USPS,4,5,0.1,3,3,0.7398103659255315
k,USPS,4,15,0.1,3,3,0.7160972628960154
k,USPS,4,25,0.1,3,3,0.7339004779761418
k,USPS,4,35,0.1,3,3,0.7270375120660402
k,USPS,4,45,0.1,3,3,0.735604625799876
percent,USPS,4,25,0.05,3,3,0.7305271325040352
percent,USPS,4,25,0.075,3,3,0.738994219400657
percent,USPS,4,25,0.1,3,3,0.7339004779761418
percent,USPS,4,25,0.125,3,3,0.722494849101785
percent,USPS,4,25,0.15,3,3,0.7002306074683445
percent,USPS,4,25,0.175,3,3,0.6962733824068925
percent,USPS,4,25,0.2,3,3,0.6813912264763081
percent,USPS,4,25,0.225,3,3,0.7081518486444357
percent,USPS,4,25,0.25,3,3,0.7018301310430366
n_check,USPS,4,25,0.1,2,3,0.7257723815078183
n_check,USPS,4,25,0.1,3,3,0.7339004779761418
n_check,USPS,4,25,0.1,4,3,0.7310720915859756
n_check,USPS,4,25,0.1,5,3,0.7239049784808786
n_check,USPS,4,25,0.1,6,3,0.7226273892236116
n_check,USPS,4,25,0.1,7,3,0.7060078920076001
T_stop,USPS,4,25,0.1,3,3,0.7339004779761418
T_stop,USPS,4,25,0.1,3,5,0.7357678376162861
T_stop,USPS,4,25,0.1,3,7,0.7394119470440399
T_stop,USPS,4,25,0.1,3,9,0.7301936413152256
T_stop,USPS,4,25,0.1,3,11,0.7375861035465258
T_stop,USPS,4,25,0.1,3,13,0.7362345596443697
